{
  "test_date": "2025-10-14T15:56:45.948694",
  "total_tested": 200,
  "avg_confidence": 0.8900000000000001,
  "median_confidence": 0.9,
  "avg_lookup_time": 4.07745,
  "type1_accuracy": 0.9447236180904522,
  "type2_accuracy": 0.8542713567839196,
  "type3_accuracy": 0.3728813559322034,
  "country_parent_accuracy": 0.8316326530612245,
  "country_sub_accuracy": 0.8877551020408163
}