{
  "test_date": "2025-10-14T15:37:08.147188",
  "total_tested": 100,
  "avg_confidence": 0.9220000000000002,
  "median_confidence": 0.9,
  "avg_lookup_time": 3.5488,
  "type1_accuracy": 0.96,
  "type2_accuracy": 0.88,
  "type3_accuracy": 0.23404255319148937,
  "country_parent_accuracy": 0.86,
  "country_sub_accuracy": 0.8840579710144928
}