{
  "test_date": "2025-10-10T16:27:41.560210",
  "total_tested": 100,
  "avg_confidence": 0.8740000000000003,
  "median_confidence": 0.9,
  "avg_lookup_time": 3.6266999999999996,
  "type1_accuracy": 0.9795918367346939,
  "type2_accuracy": 0.8877551020408163,
  "type3_accuracy": 0.3404255319148936,
  "country_parent_accuracy": 0.8526315789473684,
  "country_sub_accuracy": 0.9052631578947369
}