{
  "test_date": "2025-10-09T15:54:57.527595",
  "total_tested": 100,
  "avg_confidence": 0.8570000000000004,
  "median_confidence": 0.9,
  "avg_lookup_time": 4.5358,
  "type1_accuracy": 0.6421052631578947,
  "type2_accuracy": 0.9368421052631579,
  "type3_accuracy": 0.3191489361702128,
  "country_parent_accuracy": 0.8144329896907216,
  "country_sub_accuracy": 0.8571428571428571
}