{
  "test_date": "2025-10-10T15:42:49.735703",
  "total_tested": 100,
  "avg_confidence": 0.8780000000000004,
  "median_confidence": 0.9,
  "avg_lookup_time": 4.2263,
  "type1_accuracy": 0.9494949494949495,
  "type2_accuracy": 0.8888888888888888,
  "type3_accuracy": 0.3404255319148936,
  "country_parent_accuracy": 0.8469387755102041,
  "country_sub_accuracy": 0.8877551020408163
}